{
  "vader": {
    "model": "VADER",
    "accuracy": 29.46,
    "time_seconds": 0.24,
    "samples_tested": 4100,
    "report": {
      "negative": {
        "precision": 0.48513674197384066,
        "recall": 0.2109617373319545,
        "f1-score": 0.29405405405405405,
        "support": 1934.0
      },
      "neutral": {
        "precision": 0.05005440696409141,
        "recall": 0.07244094488188976,
        "f1-score": 0.059202059202059204,
        "support": 635.0
      },
      "positive": {
        "precision": 0.32222222222222224,
        "recall": 0.4924885695623775,
        "f1-score": 0.38956342030483077,
        "support": 1531.0
      },
      "accuracy": 0.2946341463414634,
      "macro avg": {
        "precision": 0.2858044570533848,
        "recall": 0.2586304172587406,
        "f1-score": 0.24760651118698132,
        "support": 4100.0
      },
      "weighted avg": {
        "precision": 0.3569173730784947,
        "recall": 0.2946341463414634,
        "f1-score": 0.2933452303952547,
        "support": 4100.0
      }
    },
    "confusion_matrix": [
      [
        408,
        439,
        1087
      ],
      [
        90,
        46,
        499
      ],
      [
        343,
        434,
        754
      ]
    ]
  },
  "textblob": {
    "model": "TextBlob",
    "accuracy": 26.63,
    "time_seconds": 0.61,
    "samples_tested": 4100,
    "report": {
      "negative": {
        "precision": 0.5260663507109005,
        "recall": 0.172182006204757,
        "f1-score": 0.25944682508765093,
        "support": 1934.0
      },
      "neutral": {
        "precision": 0.09185185185185185,
        "recall": 0.1952755905511811,
        "f1-score": 0.12493702770780857,
        "support": 635.0
      },
      "positive": {
        "precision": 0.2999527633443552,
        "recall": 0.4147615937295885,
        "f1-score": 0.3481359649122807,
        "support": 1531.0
      },
      "accuracy": 0.26634146341463416,
      "macro avg": {
        "precision": 0.30595698863570253,
        "recall": 0.2607397301618422,
        "f1-score": 0.24417327256924673,
        "support": 4100.0
      },
      "weighted avg": {
        "precision": 0.3743819338734184,
        "recall": 0.26634146341463416,
        "f1-score": 0.27173203282797004,
        "support": 4100.0
      }
    },
    "confusion_matrix": [
      [
        333,
        580,
        1021
      ],
      [
        50,
        124,
        461
      ],
      [
        250,
        646,
        635
      ]
    ]
  }
}